L_FB,L_SB,L_F20,L_F25,L_F32,L_F40,L_F50,L_F63,L_F80,L_F100,L_F125,L_F160,L_F200,L_F250,L_F315,L_F400,L_F500,L_F630,L_F800,L_F1k,L_F1k25,L_F1k6,L_F2k,L_F2k5,L_F3k15,L_F4k,L_F5k,L_F6k3,L_F8k,L_F10k,L_F12k5,L_F16k,L_F20k,L_S20,L_S25,L_S32,L_S40,L_S50,L_S63,L_S80,L_S100,L_S125,L_S160,L_S200,L_S250,L_S315,L_S400,L_S500,L_S630,L_S800,L_S1k,L_S1k25,L_S1k6,L_S2k,L_S2k5,L_S3k15,L_S4k,L_S5k,L_S6k3,L_S8k,L_S10k,L_S12k5,L_S16k,L_S20k
0,0,-34.728,-29.712,-37.652,-20.935,-23.287,-11.258,7.158,0.96418,6.5004,10.041,11.638,11.554,13.476,13.814,11.93,12.621,15.767,20.104,24.391,24.946,24.798,23.882,28.732,19.001,14.779,11.387,9.9853,-1.036,-7.8762,-9.929,-9.3258,-33.042,-27.168,-30.895,-21.486,-22.389,-7.437,5.0854,-0.93369,5.8572,10.504,11.371,11.965,12.812,12.948,12.021,12.937,17.193,22.54,25.347,25.13,24.293,25.282,28.844,20.483,17.228,14.95,12.812,1.2299,-4.6208,-10.38,-9.8206
0,0,-35.706,-28.116,-36.622,-18.562,-22.769,-11.622,7.7603,3.3447,8.185,10.914,11.958,11.412,14.227,12.488,12.16,13.456,15.772,20.093,24.723,24.689,23.375,25.301,29.762,18.326,14.584,11.269,10.055,-0.9927,-7.9508,-10.052,-9.2567,-36.82,-27.63,-34.617,-21.198,-22.577,-7.6663,5.4398,-0.14411,6.2798,10.562,11.405,11.879,13.002,12.786,12.074,13.071,17.085,22.326,25.294,25.008,24.059,25.316,28.924,20.219,16.968,14.678,12.513,1.0628,-4.8421,-10.432,-9.8557
0,0,-37.648,-28.198,-35.808,-16.97,-20.419,-9.0455,7.0886,3.8955,9.5858,10.789,11.608,12.34,13.457,12.544,12.509,13.479,15.29,19.15,24.694,24.781,22.193,24.51,28.334,17.728,14.537,11.231,9.7791,-1.0847,-7.8484,-9.9217,-9.4136,-27.634,-24.506,-25.712,-19.46,-19.505,-7.5447,5.596,0.6618,6.9966,10.528,11.348,11.918,12.945,12.776,12.116,13.117,16.874,22.035,25.198,24.943,23.803,25.134,28.7,19.923,16.662,14.415,12.168,0.90526,-4.9946,-10.318,-9.7878
0,0,-37.533,-30.406,-34.932,-18.359,-20.925,-10.796,4.2853,3.9572,10.048,11.434,10.617,13.005,13.675,11.805,12.509,12.823,15.115,19.113,24.051,23.5,21.141,24.337,27.852,17.457,14.468,10.941,9.8966,-0.5735,-7.763,-10.144,-9.3831,-27.24,-24.588,-25.869,-18.99,-19.367,-7.775,5.1775,1.0243,7.3172,10.627,11.228,12.018,13.021,12.602,12.089,13.028,16.704,21.727,25.002,24.661,23.49,24.965,28.49,19.664,16.383,14.121,11.702,0.74411,-5.2269,-10.48,-9.8901
0,0,-37.248,-31.551,-33.603,-20.909,-22.312,-9.8359,3.247,5.2835,8.3246,12.336,9.7222,12.008,12.211,12.801,11.884,13.023,14.264,18.298,22.803,23.372,21.777,24.015,27.374,17.03,14.155,10.856,9.9443,-0.86617,-7.631,-9.8333,-9.2309,-37.738,-28.49,-34.503,-20.725,-22.48,-8.0542,5.013,1.6312,7.1081,10.851,11.006,11.771,12.699,12.358,11.99,12.988,16.383,21.367,24.744,24.501,23.32,24.805,28.3,19.306,16.079,13.83,11.395,0.5719,-5.4034,-10.461,-9.8888
0,0,-35.831,-28.454,-35.807,-23.449,-20.947,-11.196,4.3693,6.1806,10.93,12.352,10.159,12.491,13.164,12.372,11.344,12.105,14.13,17.635,21.41,22.055,21.375,22.616,26.415,15.951,13.688,10.562,9.9976,-1.0762,-7.8828,-10.172,-9.3955,-30.938,-26.842,-29.779,-20.497,-21.163,-8.2269,5.0337,2.4234,7.9815,10.98,10.859,11.813,12.721,12.234,11.825,12.812,16.137,20.967,24.403,24.197,23.08,24.477,28.026,18.918,15.69,13.522,11.067,0.39247,-5.6013,-10.521,-9.9162
0,0,-35.832,-24.2,-29.712,-24.039,-15.678,-9.2312,2.6852,4.7437,8.9624,10.115,11.633,13.091,14.125,12.93,13.622,13.447,15.008,17.424,19.92,20.551,19.845,21.006,25.315,17.213,14.004,11.729,10.287,3.6454,-3.5986,-9.5044,-9.2306,-33.675,-26.03,-29.72,-21.063,-20.056,-8.3135,4.7651,2.3844,7.788,10.651,10.958,11.948,12.9,12.301,12.16,12.954,16.006,20.635,24.032,23.836,22.719,24.109,27.717,18.717,15.488,13.418,10.894,1.2932,-4.9256,-10.374,-9.8632
0,0,-30.823,-20.378,-23.823,-20.044,-14.602,-6.0581,0.067132,2.3128,6.298,8.01,10.174,11.399,12.165,10.914,11.644,11.356,13.367,15.703,17.783,18.433,17.609,18.914,23.099,15.355,12.427,9.8821,8.5878,1.2234,-5.5016,-9.6579,-8.7973,-34.599,-25.217,-29.706,-21.109,-19.277,-7.8523,4.3868,2.0534,7.399,10.283,10.724,11.696,12.603,11.953,11.844,12.62,15.68,20.1,23.608,23.41,22.236,23.664,27.278,18.219,15.06,13.033,10.435,0.98659,-5.112,-10.207,-9.6308
0,0,-30.222,-19.362,-21.638,-18.886,-15.602,-6.6154,-1.5909,-0.21884,4.0208,8.6315,8.3168,9.3024,9.7377,9.1009,9.4604,9.5942,11.331,14.097,15.951,16.366,15.691,17.185,21.397,13.677,10.734,8.3186,6.9809,-1.0226,-7.1706,-10.143,-8.9481,-33.836,-23.991,-27.755,-20.627,-19.097,-8.078,4.0726,1.7167,7.065,10.14,10.401,11.358,12.195,11.58,11.478,12.261,15.264,19.576,23.144,22.98,21.783,23.199,26.856,17.791,14.589,12.661,9.9515,0.63459,-5.4387,-10.437,-9.7528
0,0,-27.333,-20.23,-20.146,-17.829,-17.124,-9.2325,-3.6395,-2.703,2.1639,8.1543,6.2401,7.1639,7.685,7.0877,7.0268,7.696,9.7647,12.01,13.886,14.275,13.632,15.154,19.264,11.772,8.9346,6.6608,5.1501,-3.1276,-8.6634,-10.43,-9.0696,-31.79,-23.378,-25.461,-20.283,-18.743,-8.6496,3.715,1.3811,6.7386,9.9791,10.017,10.948,11.783,11.196,11.066,11.872,14.84,19.104,22.687,22.492,21.286,22.676,26.387,17.298,14.02,12.179,9.4409,0.27591,-5.7308,-10.51,-9.7457
0,0,-22.055,-21.507,-21.312,-19.009,-17.775,-11.176,-6.2272,-4.4994,0.65213,6.4775,4.764,6.6656,7.338,6.3774,7.9468,6.8113,8.651,10.954,12.492,12.665,11.907,13.928,17.504,10.232,8.0226,5.3255,3.9833,-4.7558,-9.7936,-10.586,-9.1554,-27.692,-23.718,-25.362,-20.285,-19.058,-9.615,3.3374,1.0041,6.3607,9.5878,9.6439,10.646,11.487,10.85,10.825,11.527,14.315,18.608,22.223,21.969,20.762,22.223,25.912,16.83,13.541,11.763,9.0117,-0.077687,-6.0334,-10.581,-9.7518
0,0,-20.468,-22.532,-22.375,-17.5,-14.948,-11.123,-8.6828,-4.8701,2.8772,7.8528,6.9177,6.0953,7.1025,8.4794,9.2696,7.2125,10.006,12.432,14.137,14.319,13.013,14.682,18.332,12.296,9.8471,7.0527,5.6662,-4.33,-9.5931,-10.522,-9.2978,-26.306,-23.844,-25.46,-19.857,-18.179,-9.7629,2.9583,0.68672,6.1686,9.5209,9.5352,10.272,11.175,10.711,10.701,11.191,14.046,18.262,21.854,21.555,20.308,21.775,25.516,16.543,13.203,11.496,8.7674,-0.33988,-6.2669,-10.634,-9.7821
0,0,-20.681,-22.58,-20.797,-18.852,-14.972,-12.154,-7.959,-5.394,3.1851,6.4846,7.268,6.4021,6.1691,9.3823,8.4253,6.7363,9.5413,11.875,13.326,12.96,12.395,14.368,17.811,11.681,9.7063,6.5681,5.177,-4.1452,-9.2375,-10.594,-9.3487,-25.282,-23.38,-23.922,-19.601,-17.59,-9.9957,2.639,0.36957,5.9983,9.2043,9.3566,9.9981,10.813,10.643,10.427,10.865,13.604,17.752,21.378,21.033,19.824,21.301,25.074,16.133,12.81,11.133,8.4029,-0.60139,-6.4481,-10.675,-9.789
0,0,-22.46,-22.604,-23.161,-20.704,-17.383,-14.163,-9.2338,-5.0722,1.1083,4.5701,6.5192,5.8601,5.0781,7.2972,7.3483,5.7074,8.4292,10.577,11.913,11.947,11.108,13.413,16.916,10.771,8.7167,5.2377,4.2414,0.091073,2.7592,-9.4745,-9.3844,-24.3,-22.139,-23.133,-19.181,-17.402,-10.185,2.2028,0.085899,5.5624,8.8614,9.0177,9.6726,10.346,10.203,10.117,10.419,13,17.164,20.843,20.474,19.207,20.765,24.569,15.482,12.144,10.167,7.8563,-0.54915,-3.1771,-10.52,-9.8111
0,0,-25.365,-24.965,-25.872,-23.295,-19.174,-16.743,-10.415,-5.5146,0.34129,6.979,5.0165,4.3242,6.2384,5.3591,5.8833,5.7688,8.0444,10.232,10.917,11.459,10.366,12.296,15.803,9.5263,7.476,4.2781,3.1804,-2.1459,-0.0099624,-9.9957,-9.3021,-25.969,-24.146,-24.902,-20.505,-18.28,-10.886,1.741,-0.2661,5.1339,8.7362,8.6211,9.269,10.105,9.7808,9.6985,9.8643,12.373,16.546,20.309,19.959,18.572,20.189,24.042,14.55,11.439,8.3341,7.1599,-1.6188,-3.8674,-10.604,-9.8285
0,0,-28.206,-27.543,-26.241,-25.91,-21.48,-13.89,-12.339,-5.8735,-0.7093,4.9617,5.3044,5.0027,5.8233,6.0243,5.4421,7.1395,8.5569,10.462,12.759,12.268,11.639,13.013,16.922,10.021,8.6275,5.4471,4.3511,-2.4333,-2.534,-10.072,-9.3911,-25.705,-24.012,-24.435,-20.148,-18.181,-10.873,1.2161,-0.59854,4.7533,8.3724,8.3468,8.9,9.7862,9.5109,9.348,9.6279,12.06,16.106,19.831,19.328,17.973,19.683,23.569,14.004,11.123,8.0176,6.914,-1.7479,-4.1549,-10.617,-9.8455
0,0,-29.884,-28.946,-26.127,-27.515,-20.226,-10.723,-10.552,-5.2108,0.31758,7.2869,3.9436,4.8672,4.7362,8.267,5.3375,6.2255,7.7134,9.8792,11.555,11.584,10.825,12.009,16.472,9.5423,8.0926,4.8223,3.5024,-3.9833,-4.7196,-9.947,-9.2704,-26.47,-24.55,-24.842,-20.928,-18.438,-10.693,0.63073,-0.87433,4.4245,8.2668,7.8119,8.6329,9.4276,9.4013,9.0137,9.2901,11.685,15.56,19.169,18.852,17.39,19.14,23.04,13.594,10.814,7.7143,6.5486,-2.0104,-4.3781,-10.38,-9.6602
0,0,-31.109,-25.421,-24.623,-23.323,-22.487,-11.683,-13.006,-5.522,-1.9056,5.4365,5.7272,4.8078,4.6115,6.6812,5.4022,5.6045,7.8032,9.6789,11.158,10.931,10.428,11.78,15.805,8.8533,7.0857,3.9881,2.7643,-5.4296,-6.7558,-10.209,-9.3565,-26.924,-24.638,-25.03,-21.327,-19.139,-11.277,0.11128,-1.1488,4.079,7.8147,7.5468,8.2334,9.0269,9.0591,8.6604,8.9894,11.322,15.059,18.617,18.377,17.002,18.605,22.49,13.172,10.399,7.3346,6.1493,-2.3765,-4.7294,-10.601,-9.8186
0,0,-32.882,-24.816,-26.215,-24.894,-25.237,-13.074,-12.69,-5.413,0.89423,4.1248,5.8136,4.1895,5.5376,5.7784,4.6193,5.1569,7.8417,10.007,10.804,9.8418,9.9063,11.736,15.322,8.5006,6.7272,3.7423,2.5951,-5.9516,-8.304,-10.532,-9.4036,-27.047,-24.589,-25.111,-21.439,-19.546,-11.575,-0.38406,-1.4116,3.796,7.3601,7.3759,7.8796,8.6219,8.6399,8.2448,8.6251,10.952,14.378,18.049,17.787,16.456,18.121,21.951,12.741,9.9903,6.9751,5.7539,-2.7282,-5.0469,-10.709,-9.8651
0,0,-34.226,-27.032,-26.443,-24.468,-23.564,-15.338,-12.85,-5.3688,-0.15629,2.6586,5.2929,2.8012,4.3719,5.5962,5.7112,5.3205,6.7597,8.9747,10.46,10.139,9.8389,11.917,14.969,8.4148,6.4006,3.2974,2.4017,-6.6602,-9.3698,-10.573,-9.5133,-27.313,-24.726,-24.82,-21.368,-19.577,-11.76,-1.49,-1.7337,3.5,6.8652,7.0351,7.3817,8.194,8.3585,7.9985,8.2671,10.475,13.701,17.196,17.259,15.923,17.493,21.394,12.324,9.653,6.6246,5.4372,-3.0372,-5.3453,-10.759,-9.9041
0,0,-30.668,-26.215,-24.54,-23.268,-22.129,-15.964,-11.089,-0.78024,0.84377,3.1383,6.9922,5.0172,6.0517,8.5981,7.5974,7.052,10.217,11.706,13.291,12.858,12.865,14.088,17.684,11.015,9.1366,6.3885,5.4615,-4.6856,-9.0952,-10.443,-9.3651,-27.628,-25.022,-25.155,-22.049,-19.908,-12.455,-2.8069,-1.5165,3.232,6.5321,6.8928,7.1035,7.9964,8.3581,7.9309,8.1708,10.356,13.241,16.599,16.64,15.645,17.119,21.039,12.202,9.6297,6.6641,5.4974,-3.1188,-5.5565,-10.753,-9.8751
0,0,-28.819,-25.532,-24.169,-21.611,-19.358,-14.383,-10.627,-0.18078,1.511,5.9408,6.7773,4.1543,5.6237,6.7107,6.5904,6.0605,8.8894,11.042,12.048,11.84,11.533,12.798,16.311,9.8895,7.9872,5.0404,4.0196,-5.7946,-9.7949,-10.484,-9.0175,-27.453,-24.986,-24.74,-21.929,-19.629,-12.537,-3.1821,-1.204,3.0877,6.5483,6.8227,6.6888,7.6664,7.9436,7.7075,7.8211,9.7931,12.737,15.961,15.931,14.956,16.536,20.515,11.853,9.2869,6.3196,5.1668,-3.4163,-5.8442,-10.785,-9.8177
0,0,-31.027,-24.519,-22.757,-20.443,-20.656,-16.702,-11.672,-2.1392,1.8983,5.8579,6.4062,5.1158,5.5642,6.1834,6.4906,6.5669,8.7269,10.108,11.439,11.308,10.905,11.841,16.19,9.5448,7.7189,4.4544,3.1188,-6.4889,-10.154,-10.651,-9.317,-27.881,-24.808,-24.482,-21.701,-19.825,-12.912,-4.2605,-1.5286,2.9006,6.3088,6.5745,6.4539,7.3218,7.6126,7.4887,7.5655,9.5643,12.074,15.151,15.316,14.394,15.918,19.922,11.548,9.0133,6.0323,4.8111,-3.7211,-6.1147,-10.835,-9.855
0,0,-28.9,-24.742,-23.46,-20.766,-23.089,-16.609,-10.417,-4.3519,2.5002,5.9609,6.4205,4.8839,5.5446,7.352,8.3582,7.8912,9.1013,11.182,12.816,12.397,11.919,12.944,17.281,10.474,8.2126,5.1407,4.4781,-5.629,-10.012,-10.475,-9.4712,-27.774,-24.909,-24.525,-21.846,-20.187,-13.228,-5.1694,-2.0503,2.8421,6.2965,6.3838,6.1971,7.0546,7.5075,7.562,7.5558,9.3831,11.819,14.762,14.816,13.816,15.486,19.362,11.237,8.7762,5.843,4.7107,-3.8804,-6.3481,-10.833,-9.8709
0,0,-26.728,-26.561,-25.258,-22.987,-22.998,-18.158,-10.401,-2.7864,1.2166,5.9866,5.4065,5.9235,5.4478,8.9366,8.3256,7.0775,9.7102,12.094,13.591,13.131,11.586,13.301,17.178,10.981,8.1681,5.9078,4.619,-4.7539,-9.9899,-10.59,-9.4248,-24.682,-23.096,-22.641,-20.163,-18.684,-12.508,-6.492,-2.3612,2.3787,6.0364,6.0426,6.1589,6.6372,7.6901,7.4586,7.2251,9.2417,11.616,14.067,14.077,12.885,14.892,18.696,10.956,8.5485,5.7329,4.5433,-3.9763,-6.5822,-10.883,-9.886
0,0,-34.728,-29.712,-37.652,-20.935,-23.287,-11.258,7.158,0.96418,6.5004,10.041,11.638,11.554,13.476,13.814,11.93,12.621,15.767,20.104,24.391,24.946,24.798,23.882,28.732,19.001,14.779,11.387,9.9853,-1.036,-7.8762,-9.929,-9.3258,-33.042,-27.168,-30.895,-21.486,-22.389,-7.437,5.0854,-0.93369,5.8572,10.504,11.371,11.965,12.812,12.948,12.021,12.937,17.193,22.54,25.347,25.13,24.293,25.282,28.844,20.483,17.228,14.95,12.812,1.2299,-4.6208,-10.38,-9.8206
0,0,-26.605,-28.456,-23.718,-24.024,-22.407,-17.863,-10.134,-3.0815,0.091657,3.9816,3.9134,5.1416,5.4241,7.2946,6.9424,5.6984,8.3279,10.609,12.991,11.946,10.723,12.084,15.84,9.6845,7.4423,4.9751,3.4201,-5.7154,-10.192,-10.251,-9.4232,-27.261,-25.418,-24.593,-22.369,-20.578,-14.025,-7.889,-2.7013,1.7441,5.6245,5.6498,5.739,6.277,7.3081,7.1766,6.7528,8.8971,11.18,13.412,13.174,12.405,14.02,17.787,10.532,8.1878,5.4034,4.2042,-4.2619,-6.831,-10.858,-9.9025
0,0,-25.694,-27.705,-20.196,-20.889,-18.402,-14.456,-7.8715,0.092219,0.12365,3.4901,3.6353,7.1067,13.16,20.139,28.837,29.688,26.625,23.801,22.03,15.822,18.29,21.584,20.727,32.215,32.202,33.933,33.97,33.532,23.441,13.992,-1.8384,-26.877,-25.541,-23.334,-22.101,-19.979,-13.981,-7.6622,-2.283,1.3319,5.2446,5.3869,5.604,7.9674,12.9,20.901,21.73,18.981,17.003,16.369,13.577,14.072,16.458,18.357,24.823,24.729,26.404,26.462,26.061,15.873,6.4875,-7.0493
0,0,-23.01,-26.505,-17.759,-14.577,-9.8727,-11.826,-7.9102,-0.61512,3.4527,4.1809,4.3284,6.5969,10.653,17.324,25.899,26.78,23.747,20.954,19.334,14.07,15.888,18.929,18.734,29.271,29.25,30.978,31.009,30.568,20.478,11.043,-4.123,-25.91,-25.298,-22.044,-19.789,-16.078,-13.651,-8.6699,-2.5058,1.7253,4.8958,5.2273,5.546,7.6622,12.581,20.546,21.398,18.663,16.605,15.859,12.938,13.585,15.788,17.626,24.455,24.36,26.039,26.093,25.691,15.503,6.124,-7.2267
0,0,-19.383,-19.915,-14.445,-13.062,-11.301,-13.223,-10.301,-3.1018,1.3813,3.6293,3.7846,5.3618,8.5328,14.762,22.973,23.84,20.87,18.264,16.736,12.577,13.696,16.636,17.245,26.343,26.306,28.021,28.049,27.604,17.516,8.1054,-6.0648,-23.795,-22.647,-19.4,-18.047,-15.557,-13.734,-10.232,-3.3555,0.7342,4.3883,4.963,5.2159,7.3298,12.27,20.178,21.024,18.289,16.249,15.488,12.369,12.933,15.343,17.153,24.088,23.991,25.668,25.722,25.32,15.133,5.7607,-7.4057
0,0,-17.668,-19.679,-16.358,-15.632,-13.779,-14.272,-11.091,-4.4775,1.2284,3.8725,3.722,4.7068,7.3533,12.21,20.063,20.919,18.047,15.706,14.826,11.724,12.349,14.709,15.957,23.429,23.38,25.071,25.095,24.64,14.557,5.197,-7.3589,-22.525,-23.549,-19.871,-18.528,-16.144,-14.338,-10.849,-3.7173,0.56301,4.4476,4.4934,4.6439,6.8023,11.899,19.803,20.649,17.915,15.865,15.146,11.985,12.576,15.006,16.633,23.712,23.621,25.297,25.351,24.949,14.762,5.3959,-7.5871
0,0,-19.264,-20.755,-16.856,-17.528,-15.34,-13.046,-12.787,-5.1549,0.82645,1.9742,5.6223,4.184,7.4933,10.087,17.246,18.03,15.293,13.372,13.546,11.393,10.991,13.29,15.9,20.614,20.494,22.137,22.156,21.678,11.605,2.3458,-8.3029,-22.732,-23.248,-19.698,-18.742,-16.367,-14.726,-11.027,-3.9028,0.47285,4.0665,4.6107,4.4437,6.7511,11.574,19.438,20.281,17.546,15.516,14.884,11.786,12.291,14.719,16.453,23.348,23.254,24.928,24.982,24.578,14.392,5.0335,-7.7592
0,0,-20.108,-19.316,-18.089,-18.855,-16.699,-12.25,-14.043,-5.8709,-0.24778,2.4651,7.0326,4.7968,6.2378,8.6875,14.676,15.365,12.892,11.827,12.406,11.018,10.231,12.183,15.254,17.878,17.718,19.277,19.234,18.718,8.664,-0.43941,-8.9017,-22.618,-22.766,-19.797,-18.907,-16.538,-14.426,-11.813,-4.0888,0.35577,3.8335,4.9881,4.3978,6.6051,11.318,19.091,19.927,17.204,15.22,14.634,11.662,12.054,14.44,16.237,22.985,22.891,24.561,24.613,24.208,14.023,4.6704,-7.9251
0,0,-21.439,-20.391,-18.782,-18.057,-18.274,-12.589,-15.561,-3.9572,-0.24938,2.1701,5.1248,4.9394,4.6326,7.2433,12.137,12.935,10.803,10.668,11.273,10.504,10.454,11.97,14.934,15.27,15.028,16.414,16.352,15.762,5.7513,-3.0037,-8.8839,-22.658,-22.798,-19.718,-18.793,-16.727,-14.357,-12.123,-3.9437,0.31878,3.5792,4.7549,4.3953,6.3233,11.034,18.734,19.571,16.862,14.928,14.372,11.494,11.908,14.233,16.067,22.623,22.527,24.193,24.244,23.838,13.653,4.3106,-8.0256
0,0,-22.607,-22.992,-20.168,-19.803,-19.713,-14.194,-13.445,-5.0409,-1.6723,1.3144,4.9726,5.4282,5.2508,7.5314,10.943,10.651,9.6923,10.437,11.248,9.9842,9.9714,11.941,14.648,13.061,12.601,13.634,13.54,12.817,2.8715,-5.3074,-8.9656,-22.905,-23.302,-19.997,-18.908,-17.053,-14.551,-12.144,-4.1338,0.060272,3.3339,4.7384,4.4578,6.2202,10.851,18.402,19.216,16.534,14.667,14.172,11.323,11.726,14.049,15.916,22.265,22.164,23.825,23.876,23.467,13.284,3.9506,-8.1389
0,0,-22.809,-24.371,-22.016,-20.994,-20.967,-14.605,-13.625,-6.6775,-3.5383,1.0834,4.3886,3.7494,4.3356,6.3121,8.8725,8.7409,8.079,9.6559,10.288,10.159,10.349,11.854,15.059,11.356,10.607,11.113,10.907,9.8955,0.07624,-7.1641,-9.2695,-23.094,-23.519,-20.318,-19.378,-17.627,-14.801,-12.261,-4.4271,-0.37979,2.9681,4.5265,4.1876,5.9713,10.528,18.041,18.857,16.183,14.359,13.866,11.178,11.588,13.84,15.803,21.904,21.801,23.457,23.507,23.097,12.915,3.5919,-8.275
0,0,-24.662,-24.344,-23.041,-22.409,-20.167,-15.389,-11.726,-7.2409,-1.6318,2.6774,5.9863,4.3552,5.671,4.836,7.3449,7.1101,8.2443,9.6793,10.466,10.159,9.9933,11.375,14.916,10.069,8.9184,8.783,8.5112,7.0044,-2.5499,-8.5609,-9.1906,-23.382,-23.546,-20.544,-19.625,-17.788,-14.866,-12.205,-4.6968,-0.50796,3.0181,4.7137,4.1038,6.0017,10.158,17.683,18.496,15.867,14.086,13.625,11.004,11.398,13.602,15.635,21.544,21.437,23.089,23.139,22.727,12.545,3.2341,-8.3744
0,0,-27.386,-24.636,-23.473,-22.63,-18.728,-13.551,-12.433,-6.0457,0.89725,2.1428,6.3732,5.3159,6.1914,4.1636,5.884,6.6484,7.8363,9.2722,10.152,9.9016,9.6713,10.987,14.892,9.53,7.6064,7.0155,6.5331,4.1944,-4.9306,-9.4502,-9.3719,-23.754,-23.669,-20.754,-19.848,-17.794,-14.689,-12.375,-4.7878,-0.11191,2.8823,4.7919,4.2367,6.0715,9.8501,17.324,18.147,15.543,13.807,13.39,10.857,11.218,13.363,15.497,21.19,21.074,22.722,22.771,22.356,12.166,2.8761,-8.5017
0,0,-28.101,-22.295,-21.962,-18.444,-20.712,-14.173,-14.531,-6.3003,-0.080136,2.4951,5.5527,5.2162,5.7384,8.6299,5.6587,6.8323,6.6765,9.6692,10.561,9.9292,9.4027,11.27,15.449,9.0271,6.7113,5.5216,4.8161,1.4948,-6.9794,-10.09,-9.3655,-23.848,-23.194,-20.713,-19.266,-18.072,-14.634,-12.691,-4.9152,-0.31004,2.7259,4.8124,4.2221,5.9275,9.9007,16.975,17.803,15.198,13.58,13.21,10.739,11.06,13.222,15.507,20.838,20.713,22.355,22.403,21.986,11.796,2.5194,-8.6042
0,0,-25.709,-23.234,-23.669,-20.391,-21.041,-13.737,-12.226,-6.5426,0.074462,2.9241,4.9736,6.6065,4.2424,8.4913,5.6352,5.6224,7.0656,9.8299,10.844,10.669,10.034,12.032,16.05,12.879,7.0607,7.8784,10.594,8.7965,-5.4283,-9.9927,-9.3694,-23.952,-23.389,-21.064,-19.627,-18.306,-14.786,-12.639,-5.0991,-0.32019,2.7081,4.7155,4.5977,5.6474,9.7785,16.628,17.442,14.886,13.359,13.013,10.71,10.957,13.132,15.533,20.554,20.356,22.001,22.071,21.644,11.434,2.1682,-8.7032
0,0,-25.952,-24.531,-22.057,-22.241,-22.68,-15.748,-12.085,-6.3138,-1.341,5.1175,6.0619,5.352,4.026,7.3356,5.6623,5.6149,7.0957,10.055,10.411,11.081,9.3698,12.032,15.742,11.386,7.1625,6.2494,8.1041,5.9224,-7.3807,-10.439,-9.6811,-24.029,-23.498,-21.014,-19.92,-18.552,-15.208,-12.464,-5.2289,-0.55054,3.0103,4.8462,4.5049,5.4884,9.5165,16.287,17.091,14.563,13.156,12.792,10.711,10.769,12.999,15.474,20.206,20.001,21.635,21.703,21.274,11.065,1.8125,-8.8425
0,0,-26.341,-24.706,-23.201,-23.08,-22.039,-16.641,-12.033,-6.577,-1.2355,4.1941,4.7588,4.5459,3.7693,5.7357,4.6485,5.4067,7.195,10.309,10.416,11.069,9.0078,11.675,15.013,9.9021,7.0449,5.0792,6.1042,3.1381,-8.8368,-10.314,-9.3749,-24.096,-23.657,-21.234,-20.068,-18.733,-15.416,-12.465,-5.3607,-0.60026,2.9038,4.6452,4.3806,5.3316,9.2001,15.931,16.742,14.254,12.973,12.62,10.699,10.587,12.849,15.331,19.853,19.647,21.27,21.336,20.904,10.696,1.4636,-8.8962
0,0,-28.799,-23.292,-22.647,-23.987,-23.616,-17.272,-11.332,-8.9884,-0.68813,4.2194,4.5606,6.0191,2.9505,6.6504,5.0175,4.7292,6.9686,9.4591,10.441,10.421,9.342,12.015,15.434,9.8044,6.9524,4.5636,4.6827,0.66584,-9.4715,-10.587,-9.3864,-24.503,-23.559,-21.316,-20.406,-19.075,-15.634,-12.323,-5.7398,-0.69725,3.0217,4.563,4.6062,5.0903,9.0687,15.59,16.388,13.939,12.717,12.444,10.601,10.474,12.79,15.347,19.518,19.295,20.906,20.97,20.534,10.329,1.1125,-8.9801
0,0,-29.259,-25.018,-23.085,-22.141,-21.666,-14.998,-13.532,-7.2612,-1.7886,4.0864,4.7825,5.2565,4.4204,6.4522,4.946,3.7493,6.3106,8.2012,10.371,10.29,9.1297,12.037,15.846,9.7798,6.2602,3.9333,3.4463,-1.7131,-10.076,-10.741,-9.6265,-24.611,-23.861,-21.439,-20.209,-19.17,-15.169,-12.584,-5.7818,-0.92538,3.084,4.664,4.559,5.0816,8.8773,15.245,16.028,13.616,12.411,12.268,10.536,10.339,12.685,15.353,19.181,18.938,20.541,20.603,20.164,9.9606,0.76277,-9.0896
0,0,-28.007,-23.96,-21.702,-20.171,-18.223,-16.884,-13.898,-8.6998,0.78199,5.4024,3.9229,4.7257,6.1995,5.1156,5.7504,3.448,6.6871,9.101,10.368,10.384,9.0241,11.938,15.171,9.1938,6.1416,3.7153,2.3085,-3.7618,-10.449,-10.367,-9.3393,-24.89,-23.775,-21.455,-20.238,-18.936,-15.702,-12.903,-6.2467,-0.49005,3.5463,4.396,4.4468,5.2285,8.5686,14.915,15.669,13.315,12.205,12.078,10.423,10.158,12.538,15.2,18.837,18.581,20.176,20.234,19.794,9.5928,0.42094,-9.126
0,0,-25.45,-21.576,-22.134,-20.783,-17.737,-16.927,-13.006,-5.8575,0.13968,4.5498,3.726,4.54,6.2622,4.6838,5.6093,2.4741,5.975,9.0428,10.582,10.927,8.9269,11.233,14.73,8.8871,6.3723,3.5326,2.0335,-5.0845,-10.525,-10.444,-9.4905,-24.874,-23.158,-21.509,-20.506,-18.767,-15.879,-12.914,-6.2856,-0.64574,3.3376,4.2863,4.4192,5.321,8.2932,14.576,15.306,12.97,11.98,11.932,10.456,9.9691,12.339,15.043,18.495,18.23,19.811,19.868,19.424,9.2253,0.076325,-9.2184
0,0,-27.062,-22.056,-21.268,-21.998,-15.737,-12.154,-4.5446,5.5727,8.9687,5.882,10.959,14.425,8.2376,5.7343,8.4214,6.3427,7.3054,10.501,11.943,12.13,10.009,12.971,15.801,9.8618,7.378,5.2772,3.5234,-3.6062,-9.6297,-10.365,-9.513,-25.195,-23.32,-21.548,-20.674,-18.347,-15.053,-10.169,-1.3432,2.7316,3.7371,6.1934,8.1376,5.8391,8.1662,14.343,15.004,12.711,11.949,12.024,10.695,10.018,12.495,15.153,18.184,17.894,19.459,19.508,19.056,8.8605,-0.26187,-9.2846
0,0,-27.624,-21.222,-19.977,-22.736,-15.454,-12.016,-5.926,4.403,9.2292,3.6177,9.5768,13.123,6.9771,6.7061,8.3076,6.0234,6.3325,10.103,11.605,11.168,10.007,12.16,15.587,9.6401,7.0485,4.585,2.6947,-5.1115,-10.179,-10.634,-9.6091,-25.406,-22.951,-21.224,-20.835,-17.801,-14.687,-9.9778,-0.5638,4.3188,3.3306,6.4414,8.647,5.716,8.0571,14.05,14.671,12.383,11.762,11.866,10.551,9.9496,12.332,15.078,17.856,17.547,19.096,19.143,18.686,8.4937,-0.60254,-9.3559
0,0,-27.772,-20.149,-21.744,-22.269,-17.419,-13.785,-8.1081,1.8093,6.7706,4.427,8.2952,10.91,7.3764,6.4272,7.2307,6.5042,7.9012,9.939,11.903,11.613,10.456,13.195,16.06,9.9937,7.631,4.9601,3.3121,-4.5674,-9.5424,-10.188,-9.3422,-25.455,-22.47,-21.46,-20.966,-18.034,-14.909,-10.192,-0.97373,3.8813,3.3977,6.3237,8.3746,5.8338,7.8304,13.714,14.355,12.155,11.581,11.829,10.634,9.9542,12.422,15.149,17.543,17.216,18.739,18.781,18.317,8.1292,-0.931,-9.3741
0,0,-29.115,-21.589,-24.008,-24.228,-19.343,-13.494,-8.9479,-0.79973,4.2716,2.8378,7.2738,9.0808,6.2206,5.2133,6.267,5.4734,7.2728,9.7573,11.885,10.568,10.429,12.624,15.222,9.2655,6.9754,4.3637,2.8148,-5.8561,-9.922,-10.153,-9.2235,-26.133,-22.64,-21.994,-21.329,-18.401,-14.777,-10.236,-1.3191,3.5886,3.2012,6.2602,8.1843,5.708,7.5801,13.394,14.019,11.874,11.402,11.771,10.449,9.9475,12.346,15.03,17.212,16.872,18.379,18.418,17.947,7.7636,-1.2591,-9.3875
0,0,-34.728,-29.712,-37.652,-20.935,-23.287,-11.258,7.158,0.96418,6.5004,10.041,11.638,11.554,13.476,13.814,11.93,12.621,15.767,20.104,24.391,24.946,24.798,23.882,28.732,19.001,14.779,11.387,9.9853,-1.036,-7.8762,-9.929,-9.3258,-33.042,-27.168,-30.895,-21.486,-22.389,-7.437,5.0854,-0.93369,5.8572,10.504,11.371,11.965,12.812,12.948,12.021,12.937,17.193,22.54,25.347,25.13,24.293,25.282,28.844,20.483,17.228,14.95,12.812,1.2299,-4.6208,-10.38,-9.8206
0,0,-28.828,-23.567,-24.936,-26.688,-19.93,-14.909,-10.992,-2.4435,2.6674,1.9967,6.6546,7.0624,6.9739,7.3049,7.7095,4.9815,7.3793,9.8267,12.36,11.157,10.704,12.943,15.618,9.6952,7.7024,5.3927,5.2677,10.341,-2.2617,-8.3365,-9.0812,-20.477,-20.177,-18.654,-15.959,-15.911,-13.293,-9.7357,-1.481,3.4271,3.2349,6.3888,7.9414,6.1522,7.5521,9.6051,9.7175,8.8175,9.8138,10.818,10.35,9.4522,11.745,14.849,10.859,9.4178,10.937,9.7743,8.1651,0.20994,-7.3965,-9.8624
0,0,-27.87,-23.998,-23.775,-28.504,-21.913,-14.72,-10.583,-4.7176,0.9239,4.2205,6.4954,7.5793,6.0304,6.4336,6.5113,5.0865,6.6271,10.015,11.421,10.69,10.42,12.28,15.459,9.0636,6.8967,4.704,4.0076,7.4438,-4.7389,-9.4008,-9.2827,-27.82,-23.474,-23.178,-23.221,-19.942,-15.076,-10.64,-1.9997,3.0022,3.247,6.2383,7.9061,5.3802,5.6968,5.8442,4.5848,6.2754,9.1118,10.578,10.215,9.3672,11.484,14.77,8.8431,6.2467,4.0242,3.4951,3.6078,-7.7263,-10.584,-9.9497
0,0,-27.825,-24.595,-23.791,-23.618,-18.705,-16.385,-11.174,-4.8683,0.21107,2.5134,4.9304,6.0164,5.0733,6.1109,6.3327,4.5301,5.7961,8.9924,11.144,10.963,10.255,11.879,15.49,8.7128,6.5587,3.943,3.1905,4.6147,-6.8278,-10.034,-9.2672,-27.689,-23.287,-22.966,-23.232,-19.506,-15.345,-10.71,-2.1695,2.7776,2.9866,5.997,7.6115,5.2571,5.6779,5.8799,4.4819,6.0964,8.956,10.561,10.251,9.3908,11.426,14.774,8.7586,6.2067,3.9037,3.3661,3.2642,-7.9446,-10.65,-9.9395
0,0,-26.547,-25.26,-22.73,-19.212,-17.671,-18.483,-10.809,-5.6387,0.046201,2.1459,3.7422,4.3537,3.8382,5.6357,6.0135,5.2024,6.7551,9.5689,9.973,10.723,9.0369,11.268,15.093,8.7778,6.3522,3.9907,2.8352,1.8704,-8.5355,-10.276,-9.3683,-27.392,-23.983,-23.201,-21.879,-19.447,-15.697,-10.78,-2.429,2.5781,2.7847,5.7645,7.3232,5.0389,5.5949,5.8091,4.5767,6.213,9.0395,10.358,10.211,9.2012,11.326,14.727,8.7369,6.1682,3.8686,3.2666,2.9182,-8.1659,-10.681,-9.9473
0,0,-23.754,-27.263,-22.085,-19.98,-18.89,-17.672,-12.851,-6.5527,0.69833,1.755,3.1957,4.1058,4.1758,5.5831,4.9474,4.4661,6.474,9.4795,10.39,10.305,9.1167,10.865,14.831,8.5155,6.0957,3.7294,2.3344,-0.66746,-9.6687,-10.416,-9.3254,-26.649,-24.273,-23.092,-22.067,-19.412,-15.936,-11.029,-2.7166,2.4961,2.7068,5.5502,7.1072,4.897,5.609,5.6269,4.4528,6.167,9.0143,10.336,10.127,9.1621,11.213,14.655,8.6507,6.093,3.7968,3.1217,2.575,-8.3761,-10.722,-9.9474
0,0,-23.788,-27.635,-24.555,-21.847,-21.358,-17.528,-14.09,-6.9497,-1.0106,4.0188,3.8511,4.5439,2.488,4.2207,5.1403,3.8325,7.0088,9.2196,10.879,10.321,9.4007,10.736,14.262,8.091,6.0824,3.1683,2.2107,-2.7132,-10.213,-10.603,-9.5043,-26.782,-24.272,-23.403,-22.599,-19.846,-16.224,-11.308,-2.9491,2.1541,2.9517,5.3682,6.9257,4.5658,5.2962,5.5271,4.2835,6.2422,8.9656,10.339,10.075,9.1621,11.128,14.524,8.5334,6.0359,3.6263,2.9906,2.2461,-8.5618,-10.772,-9.9773
0,0,-26.027,-26.925,-25.247,-21.664,-19.116,-13.17,-11.066,-7.3686,0.29055,6.2709,3.7246,5.9482,3.7804,5.3738,3.9962,4.5255,6.8037,8.8667,10.763,10.265,9.5914,11.096,14.73,8.7028,6.3836,3.7546,2.5101,-4.2331,-10.224,-10.545,-9.6725,-27.186,-24.68,-23.837,-22.562,-19.745,-15.631,-11.152,-3.2486,2.0459,3.5181,5.1947,6.9264,4.5323,5.3829,5.304,4.2983,6.2049,8.86,10.323,10.038,9.1526,11.129,14.532,8.5691,6.0431,3.6381,2.9508,1.9211,-8.7029,-10.796,-10.031
0,0,-24.935,-23.136,-21.983,-21.498,-18.218,-13.842,-10.731,-8.0879,-0.92301,5.0539,5.3536,4.8901,3.6745,6.306,5.3361,4.6584,6.9477,9.4963,11.109,11.101,9.9742,11.383,16.319,9.2473,6.9971,3.8069,2.1814,-5.3986,-10.586,-10.677,-9.585,-26.331,-24.419,-23.363,-22.29,-19.423,-15.48,-11.149,-3.5475,1.7995,3.4943,5.3085,6.695,4.4369,5.4255,5.2978,4.2539,6.2574,8.9279,10.381,10.184,9.1881,11.14,14.814,8.6313,6.1334,3.6151,2.8348,1.5937,-8.8763,-10.846,-10.042
0,0,-23.532,-20.758,-20.515,-20.634,-14.326,-9.0768,-9.4164,-2.265,4.7827,9.6434,23.176,14.053,21.6,24.746,16.982,10.471,9.9644,10.53,11.291,11.435,10.474,13.202,17.102,11.035,7.5602,4.5532,3.0052,-5.6046,-10.339,-10.383,-9.1636,-25.83,-23.606,-23.028,-22.074,-18.337,-13.926,-10.9,-3.1895,2.4923,5.0241,15.704,9.1641,14.351,17.644,10.922,6.2779,7.1358,9.1594,10.459,10.292,9.3257,11.477,15.127,9.0699,6.2996,3.7373,2.8853,1.2899,-8.9756,-10.802,-9.9545
0,0,-23.805,-17.868,-16.066,-16.29,-9.2587,-1.3226,-1.8283,5.2442,6.6843,13.448,28.686,22.197,34.353,29.128,26.096,13.528,13.16,14.572,14.936,18.873,15.452,17.446,19.925,14.46,10.708,7.2687,6.3417,-3.2364,-8.7871,-9.4539,-8.4591,-24.829,-22.079,-20.899,-20.01,-15.188,-8.6203,-7.6307,-0.38482,3.3332,7.5208,20.92,14.63,25.895,21.849,18.271,8.1066,8.4903,10.527,11.461,13.248,11.001,13.028,16.181,10.356,7.258,4.4326,3.6485,1.1123,-8.8038,-10.552,-9.7053
0,0,-15.435,-12.579,-9.026,-2.9827,-1.9643,7.4664,6.3313,7.547,15.33,15.595,29.759,28.013,33.497,30.862,37.78,39.034,29.993,23.135,34.118,28.892,18.104,17.243,20.391,15.167,11.44,8.7613,7.144,-0.62784,-3.5791,-4.0914,-3.6626,-16.704,-15.86,-13.572,-9.3376,-8.5637,0.4094,-0.55871,1.8153,8.8337,10.196,24.009,20.806,27.319,24.261,30.261,31.322,22.433,16.454,27.109,21.828,12.892,13.512,16.833,11.15,7.9325,5.261,4.215,1.2007,-6.8589,-8.0181,-7.4364
0,0,-8.2225,-7.0065,-3.6489,-1.4738,-1.6797,5.0401,3.9087,5.5991,13.444,13.756,26.898,25.198,30.582,28.334,34.853,36.08,27.112,20.541,31.194,26.041,15.922,15.481,19.062,13.384,10.007,7.272,5.6135,-2.3973,-5.5988,-6.1142,-5.46,-14.409,-13.091,-10.268,-7.603,-7.396,-0.14114,-1.1591,1.7327,8.9202,10.044,23.357,20.46,26.853,24.135,29.915,30.958,22.121,16.251,26.754,21.505,12.731,13.397,16.819,11.049,7.8912,5.1971,4.0954,0.88408,-7.1561,-8.3137,-7.6781
0,0,-5.7563,-5.9343,-5.6878,-4.0195,-4.3657,2.1663,1.1325,2.816,10.614,11.318,23.975,22.272,27.631,25.394,31.893,33.118,24.18,17.837,28.26,23.167,13.615,14.318,17.334,11.585,8.4405,5.7766,4.2298,-4.2903,-7.3426,-7.5981,-6.9471,-12.009,-11.735,-10.526,-8.1256,-7.9205,-0.53157,-1.5092,1.353,8.4962,9.7883,22.988,20.085,26.484,23.735,29.542,30.587,21.752,15.922,26.39,21.155,12.469,13.305,16.618,10.84,7.7218,5.0366,3.9344,0.55827,-7.3662,-8.4515,-7.8242
0,0,-7.4502,-8.4067,-8.329,-6.8806,-7.1639,-0.70658,-1.7417,-0.036347,7.9065,8.8556,21.032,19.349,24.678,22.472,28.94,30.159,21.296,15.349,25.365,20.394,12.158,12.938,16.758,10.401,7.5053,4.6554,3.1507,-5.7069,-8.7998,-8.8645,-8.0706,-12.075,-12.151,-10.889,-8.4845,-8.2723,-0.8891,-1.8756,0.97669,8.1617,9.4471,22.619,19.72,26.115,23.369,29.173,30.218,21.392,15.606,26.028,20.806,12.277,13.117,16.518,10.598,7.5687,4.7819,3.4313,-0.31892,-7.6641,-8.6315,-7.9771
0,0,-10.295,-11.114,-11.189,-9.7867,-9.7963,-3.533,-3.504,-2.1688,5.8447,7.4371,18.316,16.624,21.863,19.61,26,27.215,18.585,14.257,22.745,18.478,12.936,14.308,18.827,13.337,9.3698,7.5571,11.965,21.876,17.751,2.9217,-7.3321,-12.489,-12.51,-11.257,-8.8533,-8.6087,-1.2496,-2.1324,0.67047,7.8611,9.2168,22.264,19.368,25.753,23.005,28.805,29.849,21.043,15.422,25.686,20.532,12.395,13.31,16.914,11.115,7.864,5.2963,6.1723,13.581,9.373,-4.0189,-7.9033
0,0,-12.776,-13.998,-13.71,-12.557,-11.359,-4.4721,-3.5892,3.0054,4.8343,9.9669,15.727,14.91,19.387,17.98,23.306,24.444,17.254,14.24,20.727,17.834,14.781,15.906,20.288,14.734,11.669,11.806,12.225,19.342,16.287,1.4508,-7.5213,-12.784,-12.876,-11.585,-9.2095,-8.865,-1.4934,-2.2505,1.1758,7.6258,9.4102,21.906,19.064,25.402,22.695,28.446,29.488,20.771,15.323,25.364,20.339,12.829,13.732,17.439,11.73,8.6374,7.3079,7.3459,13.547,10.237,-3.5859,-7.8837
0,0,-15.477,-15.931,-14.171,-11.025,-8.7861,-1.0454,-4.1393,3.4283,8.5358,11.466,19.516,15.963,17.803,18.08,21.474,21.901,17.52,17.393,21.055,21.155,20.457,20.27,22.995,18.384,15.579,18.741,17.185,17.718,13.448,-0.98047,-8.2465,-13.133,-13.19,-11.814,-9.3074,-8.7311,-1.242,-2.4135,1.5126,8.0157,9.7646,21.859,18.913,25.065,22.456,28.11,29.13,20.585,15.776,25.128,20.592,15.099,15.462,18.696,13.484,10.53,12.047,10.768,13.666,9.9116,-3.8007,-7.9923
0,0,-15.263,-12.306,-9.6106,-8.6521,-8.4918,-3.0614,-6.2424,3.26,11.439,10.454,17.408,13.216,15.311,15.672,18.638,19.032,15.02,14.915,18.546,18.503,17.783,17.895,20.641,15.875,13.091,15.924,14.405,14.772,10.506,-3.3043,-8.1489,-13.125,-12.749,-11.089,-8.8994,-8.5778,-1.5153,-2.7431,1.7403,9.0631,9.7757,21.56,18.554,24.704,22.108,27.742,28.761,20.232,15.467,24.777,20.254,14.814,15.256,18.46,13.236,10.285,11.741,10.477,13.3,9.5464,-4.0401,-7.9769
0,0,0.68295,7.4798,12.591,17.05,21.652,25.394,28.415,40.902,43.133,29.512,43.899,40.976,44.347,44.282,40.905,32.587,29.432,28.299,29.178,33.844,34.935,47.445,44.941,38.516,36.014,43.849,43.961,37.084,27.36,11.323,3.8685,-6.9789,-0.9494,4.0947,8.6175,13.266,17.189,20.537,32.868,35.068,22.292,36.401,33.528,37.369,37.301,34.732,30.162,24.215,22.223,26.397,27.616,27.261,39.246,36.926,30.509,27.595,35.479,35.789,29.136,19.557,3.841,-2.6167
0,0,13.46,17.522,20.622,19.531,23.319,26.414,27.629,40.605,45.577,32.696,45.001,48.469,49.491,50.665,59.776,52.219,46.334,42.426,43.334,44.472,38.312,45.249,42.818,36.679,34.526,41.107,41.157,34.366,24.805,12.321,10.377,7.1967,10.495,13.428,13.39,16.563,19.542,21.448,34.126,38.307,26.177,38.455,41.004,42.528,43.526,52.336,44.598,38.778,34.81,36.072,37.341,31.495,39.332,36.998,30.767,28.13,35.271,35.538,28.939,19.507,6.6528,4.4323
0,0,17.358,20.564,20.691,20.216,23.34,25.539,27.305,40.794,45.136,30.102,43.163,45.758,46.542,47.743,56.848,49.293,43.392,39.516,40.394,41.525,35.475,42.43,41.812,36.317,34.025,38.658,39.307,32.297,22.481,10.264,8.3527,10.956,14.307,14.86,14.814,17.912,20.299,22.38,35.681,39.766,26.016,38.802,40.824,42.164,43.185,51.994,44.259,38.423,34.477,35.716,36.98,31.2,39.035,37.384,31.529,29.018,35.093,35.581,28.886,19.347,6.6221,4.4286
0,0,16.765,20.614,19.245,19.143,20.939,22.847,24.468,37.87,42.18,27.195,40.209,42.795,43.578,44.779,53.884,46.329,40.429,36.563,37.442,38.571,32.536,39.474,38.878,33.375,31.085,35.697,36.347,29.335,19.519,7.3393,5.4683,11.464,15.165,14.904,14.961,17.575,19.905,21.901,35.12,39.2,25.634,38.348,40.431,41.792,42.811,51.62,43.885,38.052,34.107,35.347,36.612,30.828,38.657,37.02,31.159,28.654,34.722,35.211,28.515,18.975,6.2543,4.0672
0,0,14.998,18.626,16.739,16.466,18.04,19.893,21.518,34.906,39.216,24.27,37.252,39.833,40.616,41.817,50.92,43.369,37.482,33.64,34.511,35.642,29.73,36.556,35.996,30.573,28.204,32.752,33.404,26.435,16.621,4.47,2.6452,11.346,14.99,14.588,14.571,17.186,19.521,21.527,34.747,38.829,25.266,37.979,40.061,41.422,42.441,51.249,43.515,37.684,33.743,34.981,36.246,30.479,38.291,36.66,30.815,28.297,34.354,34.843,28.152,18.612,5.8939,3.7118
0,0,13.1,15.924,13.921,13.643,15.102,16.96,18.571,31.943,36.252,21.413,34.292,36.873,37.655,38.855,47.955,40.406,34.528,30.707,31.591,32.707,26.904,33.622,33.091,27.687,25.312,29.804,30.448,23.479,13.671,1.6642,-0.036557,11.179,14.622,14.219,14.21,16.816,19.153,21.157,34.377,38.459,24.904,37.608,39.69,41.051,42.07,50.879,43.144,37.314,33.375,34.614,35.878,30.119,37.922,36.295,30.451,27.932,33.984,34.473,27.781,18.242,5.5313,3.3595
